{"spritemap":{"1":{"start":0,"end":0.8440816326530612,"loop":false},"2":{"start":1.01,"end":1.8426530612244898,"loop":false},"3":{"start":2.02,"end":3.1,"loop":false}}}