{"spritemap":{"1":{"start":0,"end":0.4726530612244898,"loop":false},"2":{"start":1.01,"end":1.7251020408163265,"loop":false},"3":{"start":2.02,"end":2.8134693877551022,"loop":false}}}