{"spritemap":{"1":{"start":0,"end":0.7428571428571429,"loop":false},"2":{"start":1.01,"end":1.7977551020408162,"loop":false},"3":{"start":2.02,"end":3.077959183673469,"loop":false}}}