{"spritemap":{"1":{"start":0,"end":0.7893877551020408,"loop":false},"2":{"start":1.01,"end":1.4761224489795919,"loop":false},"3":{"start":2.02,"end":2.897551020408163,"loop":false}}}