{"spritemap":{"1":{"start":0,"end":0.6538775510204081,"loop":false},"2":{"start":1.01,"end":1.8385714285714285,"loop":false},"3":{"start":2.02,"end":2.58,"loop":false}}}