{"spritemap":{"1":{"start":0,"end":0.5428571428571428,"loop":false},"2":{"start":1.01,"end":1.8091836734693878,"loop":false},"3":{"start":2.02,"end":3.4322448979591837,"loop":false}}}