{"spritemap":{"1":{"start":0,"end":0.793469387755102,"loop":false},"2":{"start":1.01,"end":2.1185714285714283,"loop":false},"3":{"start":3.0199999999999996,"end":3.537551020408163,"loop":false}}}