{"spritemap":{"1":{"start":0,"end":0.6644897959183673,"loop":false},"2":{"start":1.01,"end":1.353673469387755,"loop":false},"3":{"start":2.02,"end":2.560408163265306,"loop":false}}}