{"spritemap":{"1":{"start":0,"end":0.7093877551020408,"loop":false},"2":{"start":1.01,"end":1.6908163265306122,"loop":false},"3":{"start":2.02,"end":2.706530612244898,"loop":false}}}