{"spritemap":{"1":{"start":0,"end":0.6530612244897959,"loop":false},"2":{"start":1.01,"end":2.170816326530612,"loop":false},"3":{"start":3.02,"end":3.8420408163265307,"loop":false}}}