{"spritemap":{"1":{"start":0,"end":0.6979591836734694,"loop":false},"2":{"start":1.01,"end":1.7977551020408162,"loop":false},"3":{"start":2.02,"end":2.9204081632653063,"loop":false}}}