{"resources":["Corrin.m4a"],"spritemap":{"1":{"start":0,"end":0.8775510204081632,"loop":false},"2":{"start":2,"end":3.0351020408163265,"loop":false},"3":{"start":5,"end":6.1257142857142854,"loop":false}}}