{"spritemap":{"1":{"start":0,"end":0.4669387755102041,"loop":false},"2":{"start":1.01,"end":2.276122448979592,"loop":false},"3":{"start":3.0200000000000005,"end":3.6444897959183677,"loop":false}}}