{"spritemap":{"1":{"start":0,"end":0.76,"loop":false},"2":{"start":1.01,"end":1.8712244897959183,"loop":false},"3":{"start":2.02,"end":2.700816326530612,"loop":false}}}