{"spritemap":{"1":{"start":0,"end":0.37714285714285717,"loop":false},"2":{"start":1.01,"end":1.640204081632653,"loop":false},"3":{"start":2.02,"end":3.336734693877551,"loop":false}}}