{"spritemap":{"1":{"start":0,"end":0.33224489795918366,"loop":false},"2":{"start":1.01,"end":1.6010204081632653,"loop":false},"3":{"start":2.02,"end":2.6444897959183673,"loop":false}}}