{"spritemap":{"1":{"start":0,"end":0.6024489795918367,"loop":false},"2":{"start":1.01,"end":2.1520408163265303,"loop":false},"3":{"start":3.0199999999999996,"end":3.993877551020408,"loop":false}}}