{"resources":["Ephraim.m4a"],"spritemap":{"1":{"start":0,"end":0.8057142857142857,"loop":false},"2":{"start":2,"end":3.1746938775510207,"loop":false},"3":{"start":5,"end":6.543673469387755,"loop":false}}}