{"spritemap":{"1":{"start":0,"end":0.4506122448979592,"loop":false},"2":{"start":1.01,"end":1.6573469387755102,"loop":false},"3":{"start":2.02,"end":2.7351020408163267,"loop":false}}}