{"spritemap":{"1":{"start":0,"end":0.7534693877551021,"loop":false},"2":{"start":1.01,"end":1.5675510204081633,"loop":false},"3":{"start":2.02,"end":2.576734693877551,"loop":false}}}