{"spritemap":{"1":{"start":0,"end":0.7910204081632654,"loop":false},"2":{"start":1.01,"end":1.8655102040816327,"loop":false},"3":{"start":2.02,"end":2.7742857142857145,"loop":false}}}