{"spritemap":{"1":{"start":0,"end":0.7485714285714286,"loop":false},"2":{"start":1.01,"end":2.023061224489796,"loop":false},"3":{"start":3.02,"end":4.049387755102041,"loop":false}}}