{"spritemap":{"1":{"start":0,"end":1.0244897959183674,"loop":false},"2":{"start":2.01,"end":2.7299999999999995,"loop":false},"3":{"start":3.0199999999999996,"end":3.684489795918367,"loop":false}}}