{"spritemap":{"1":{"start":0,"end":0.9510204081632653,"loop":false},"2":{"start":1.01,"end":2.056530612244898,"loop":false},"3":{"start":3.02,"end":3.903265306122449,"loop":false}}}