{"spritemap":{"1":{"start":0,"end":0.6359183673469387,"loop":false},"2":{"start":1.01,"end":2.0508163265306125,"loop":false},"3":{"start":3.0200000000000005,"end":3.7236734693877556,"loop":false}}}