{"spritemap":{"1":{"start":0,"end":0.8163265306122449,"loop":false},"2":{"start":1.01,"end":2.3153061224489795,"loop":false},"3":{"start":3.0199999999999996,"end":3.9767346938775505,"loop":false}}}