{"spritemap":{"1":{"start":0,"end":0.3551020408163265,"loop":false},"2":{"start":1.01,"end":1.8932653061224491,"loop":false},"3":{"start":2.02,"end":2.757142857142857,"loop":false}}}