{"spritemap":{"1":{"start":0,"end":0.49142857142857144,"loop":false},"2":{"start":1.01,"end":1.4687755102040816,"loop":false},"3":{"start":2.02,"end":2.6551020408163266,"loop":false}}}