{"spritemap":{"1":{"start":0,"end":0.6187755102040816,"loop":false},"2":{"start":1.01,"end":1.907142857142857,"loop":false},"3":{"start":2.02,"end":2.526938775510204,"loop":false}}}