{"spritemap":{"1":{"start":0,"end":0.6359183673469387,"loop":false},"2":{"start":1.01,"end":1.5112244897959184,"loop":false},"3":{"start":2.02,"end":2.723673469387755,"loop":false}}}