{"spritemap":{"1":{"start":0,"end":0.6751020408163265,"loop":false},"2":{"start":1.01,"end":2.20265306122449,"loop":false},"3":{"start":3.0200000000000005,"end":3.9204081632653067,"loop":false}}}