{"spritemap":{"1":{"start":0,"end":0.7412244897959184,"loop":false},"2":{"start":1.01,"end":1.7414285714285715,"loop":false},"3":{"start":2.02,"end":2.7457142857142856,"loop":false}}}