{"spritemap":{"1":{"start":0,"end":0.5248979591836734,"loop":false},"2":{"start":1.01,"end":1.9495918367346938,"loop":false},"3":{"start":2.02,"end":3.026530612244898,"loop":false}}}