{"resources":["Lyn.m4a"],"spritemap":{"1":{"start":0,"end":0.4897959183673469,"loop":false},"2":{"start":2,"end":2.6751020408163266,"loop":false},"3":{"start":4,"end":4.844081632653062,"loop":false}}}