{"spritemap":{"1":{"start":0,"end":0.6416326530612245,"loop":false},"2":{"start":1.01,"end":1.8206122448979591,"loop":false},"3":{"start":2.02,"end":2.864081632653061,"loop":false}}}