{"spritemap":{"1":{"start":0,"end":0.5795918367346938,"loop":false},"2":{"start":1.01,"end":1.5993877551020408,"loop":false},"3":{"start":2.02,"end":2.7122448979591836,"loop":false}}}