{"spritemap":{"1":{"start":0,"end":0.7542857142857143,"loop":false},"2":{"start":1.01,"end":2.073673469387755,"loop":false},"3":{"start":3.02,"end":3.6395918367346938,"loop":false}}}