{"spritemap":{"1":{"start":0,"end":0.9338775510204081,"loop":false},"2":{"start":1.01,"end":2.000204081632653,"loop":false},"3":{"start":2.02,"end":2.931836734693878,"loop":false}}}