{"spritemap":{"1":{"start":0,"end":0.8946938775510204,"loop":false},"2":{"start":1.01,"end":1.7357142857142858,"loop":false},"3":{"start":2.02,"end":3.2412244897959184,"loop":false}}}