{"spritemap":{"1":{"start":0,"end":0.6922448979591836,"loop":false},"2":{"start":1.01,"end":1.7585714285714285,"loop":false},"3":{"start":2.02,"end":2.593877551020408,"loop":false}}}