{"spritemap":{"1":{"start":0,"end":0.7036734693877551,"loop":false},"2":{"start":1.01,"end":1.5275510204081633,"loop":false},"3":{"start":2.02,"end":3.0330612244897956,"loop":false}}}