{"spritemap":{"1":{"start":0,"end":0.4563265306122449,"loop":false},"2":{"start":1.01,"end":1.4491836734693877,"loop":false},"3":{"start":2.02,"end":2.5326530612244897,"loop":false}}}