{"spritemap":{"1":{"start":0,"end":0.4506122448979592,"loop":false},"2":{"start":1.01,"end":1.696530612244898,"loop":false},"3":{"start":2.02,"end":2.5718367346938775,"loop":false}}}