{"spritemap":{"1":{"start":0,"end":0.5461224489795918,"loop":false},"2":{"start":1.01,"end":1.4940816326530613,"loop":false},"3":{"start":2.02,"end":2.729387755102041,"loop":false}}}