{"spritemap":{"1":{"start":0,"end":0.4620408163265306,"loop":false},"2":{"start":1.01,"end":1.5838775510204082,"loop":false},"3":{"start":2.02,"end":2.548979591836735,"loop":false}}}