{"spritemap":{"1":{"start":0,"end":0.5518367346938775,"loop":false},"2":{"start":1.01,"end":1.6793877551020409,"loop":false},"3":{"start":2.02,"end":2.7742857142857145,"loop":false}}}