{"resources":["Robin.m4a"],"spritemap":{"1":{"start":0,"end":0.990204081632653,"loop":false},"2":{"start":2,"end":3.492244897959184,"loop":false},"3":{"start":5,"end":6.013061224489796,"loop":false}}}