{"resources":["Ryoma.m4a"],"spritemap":{"1":{"start":0,"end":0.8457142857142858,"loop":false},"2":{"start":2,"end":2.9004081632653063,"loop":false},"3":{"start":4,"end":4.911836734693877,"loop":false}}}