{"spritemap":{"1":{"start":0,"end":0.5575510204081633,"loop":false},"2":{"start":1.01,"end":1.77,"loop":false},"3":{"start":2.02,"end":2.589795918367347,"loop":false}}}