{"spritemap":{"1":{"start":0,"end":0.5967346938775511,"loop":false},"2":{"start":1.01,"end":1.6181632653061224,"loop":false},"3":{"start":2.02,"end":2.5579591836734696,"loop":false}}}