{"spritemap":{"1":{"start":0,"end":0.7371428571428571,"loop":false},"2":{"start":1.01,"end":1.8875510204081634,"loop":false},"3":{"start":2.02,"end":3.1,"loop":false}}}