{"spritemap":{"1":{"start":0,"end":0.34530612244897957,"loop":false},"2":{"start":1.01,"end":1.556122448979592,"loop":false},"3":{"start":2.02,"end":2.7685714285714287,"loop":false}}}