{"spritemap":{"1":{"start":0,"end":0.7085714285714285,"loop":false},"2":{"start":1.01,"end":1.8206122448979591,"loop":false},"3":{"start":2.02,"end":2.633877551020408,"loop":false}}}