{"spritemap":{"1":{"start":0,"end":0.5910204081632653,"loop":false},"2":{"start":1.01,"end":2.0344897959183674,"loop":false},"3":{"start":3.02,"end":3.8812244897959185,"loop":false}}}