{"spritemap":{"1":{"start":0,"end":0.5404081632653062,"loop":false},"2":{"start":1.01,"end":1.6018367346938776,"loop":false},"3":{"start":2.02,"end":2.4314285714285715,"loop":false}}}