{"spritemap":{"1":{"start":0,"end":0.4620408163265306,"loop":false},"2":{"start":1.01,"end":1.8826530612244898,"loop":false},"3":{"start":2.02,"end":2.5661224489795917,"loop":false}}}