{"spritemap":{"1":{"start":0,"end":1.153469387755102,"loop":false},"2":{"start":2.01,"end":2.713673469387755,"loop":false},"3":{"start":3.0199999999999996,"end":3.7963265306122445,"loop":false}}}