{"spritemap":{"1":{"start":0,"end":1.1028571428571428,"loop":false},"2":{"start":2.01,"end":3.0393877551020405,"loop":false},"3":{"start":4.02,"end":4.791428571428571,"loop":false}}}