{"spritemap":{"1":{"start":0,"end":0.44816326530612244,"loop":false},"2":{"start":1.01,"end":1.9528571428571428,"loop":false},"3":{"start":2.02,"end":2.7579591836734694,"loop":false}}}