{"spritemap":{"1":{"start":0,"end":1.2604081632653061,"loop":false},"2":{"start":2.01,"end":3.1863265306122446,"loop":false},"3":{"start":4.02,"end":5.004489795918367,"loop":false}}}