{"spritemap":{"1":{"start":0,"end":0.5657142857142857,"loop":false},"2":{"start":1.01,"end":1.9920408163265306,"loop":false},"3":{"start":2.02,"end":2.66,"loop":false}}}