{"spritemap":{"1":{"start":0,"end":0.7314285714285714,"loop":false},"2":{"start":1.01,"end":2.039387755102041,"loop":false},"3":{"start":3.0200000000000005,"end":3.8469387755102047,"loop":false}}}