{"resources":["sfx.ogg"],"spritemap":{"tap":{"start":0,"end":0.21598639455782312,"loop":false},"cancel":{"start":2,"end":2.6480045351473924,"loop":false},"hover":{"start":4,"end":4.455986394557823,"loop":false}}}