{"spritemap":{"1":{"start":0,"end":0.4114285714285714,"loop":false},"2":{"start":1.01,"end":1.803469387755102,"loop":false},"3":{"start":2.02,"end":2.66734693877551,"loop":false}}}