{"spritemap":{"1":{"start":0,"end":0.8775510204081632,"loop":false},"2":{"start":1.01,"end":1.883469387755102,"loop":false},"3":{"start":2.02,"end":3.105714285714286,"loop":false}}}