{"spritemap":{"1":{"start":0,"end":0.7877551020408163,"loop":false},"2":{"start":1.01,"end":2.1577551020408166,"loop":false},"3":{"start":3.0200000000000005,"end":4.1000000000000005,"loop":false}}}