{"spritemap":{"1":{"start":0,"end":0.34938775510204084,"loop":false},"2":{"start":1.01,"end":1.8091836734693878,"loop":false},"3":{"start":2.02,"end":2.515510204081633,"loop":false}}}