{"spritemap":{"1":{"start":0,"end":0.4669387755102041,"loop":false},"2":{"start":1.01,"end":1.7920408163265307,"loop":false},"3":{"start":2.02,"end":2.9261224489795916,"loop":false}}}