{"spritemap":{"1":{"start":0,"end":0.4726530612244898,"loop":false},"2":{"start":1.01,"end":1.3651020408163266,"loop":false},"3":{"start":2.02,"end":2.8869387755102043,"loop":false}}}