{"spritemap":{"1":{"start":0,"end":1.0130612244897959,"loop":false},"2":{"start":2.01,"end":2.955306122448979,"loop":false},"3":{"start":3.0199999999999996,"end":3.988163265306122,"loop":false}}}