{"spritemap":{"1":{"start":0,"end":0.6302040816326531,"loop":false},"2":{"start":1.01,"end":2.129183673469388,"loop":false},"3":{"start":3.0200000000000005,"end":4.354693877551021,"loop":false}}}