{"spritemap":{"1":{"start":0,"end":0.7485714285714286,"loop":false},"2":{"start":1.01,"end":1.943877551020408,"loop":false},"3":{"start":2.02,"end":3.0951020408163266,"loop":false}}}