{"spritemap":{"1":{"start":0,"end":0.5967346938775511,"loop":false},"2":{"start":1.01,"end":1.5504081632653062,"loop":false},"3":{"start":2.02,"end":2.9146938775510205,"loop":false}}}