{"spritemap":{"1":{"start":0,"end":0.433469387755102,"loop":false},"2":{"start":1.01,"end":1.640204081632653,"loop":false},"3":{"start":2.02,"end":2.8191836734693876,"loop":false}}}