{"spritemap":{"1":{"start":0,"end":0.6081632653061224,"loop":false},"2":{"start":1.01,"end":1.943877551020408,"loop":false},"3":{"start":2.02,"end":2.7179591836734693,"loop":false}}}