{"spritemap":{"1":{"start":0,"end":0.7036734693877551,"loop":false},"2":{"start":1.01,"end":1.7357142857142858,"loop":false},"3":{"start":2.02,"end":2.6787755102040816,"loop":false}}}