{"spritemap":{"1":{"start":0,"end":0.5738775510204082,"loop":false},"2":{"start":1.01,"end":1.8426530612244898,"loop":false},"3":{"start":2.02,"end":2.4820408163265304,"loop":false}}}