{"spritemap":{"1":{"start":0,"end":0.4563265306122449,"loop":false},"2":{"start":1.01,"end":1.3814285714285715,"loop":false},"3":{"start":2.02,"end":2.453469387755102,"loop":false}}}