{"spritemap":{"1":{"start":0,"end":0.5126530612244898,"loop":false},"2":{"start":1.01,"end":1.4434693877551021,"loop":false},"3":{"start":2.02,"end":2.650204081632653,"loop":false}}}