{"spritemap":{"1":{"start":0,"end":0.9004081632653061,"loop":false},"2":{"start":1.01,"end":1.910408163265306,"loop":false},"3":{"start":2.02,"end":2.96530612244898,"loop":false}}}