{"spritemap":{"1":{"start":0,"end":0.5681632653061225,"loop":false},"2":{"start":1.01,"end":1.5618367346938775,"loop":false},"3":{"start":2.02,"end":2.655918367346939,"loop":false}}}