{"spritemap":{"1":{"start":0,"end":0.7093877551020408,"loop":false},"2":{"start":1.01,"end":2.293265306122449,"loop":false},"3":{"start":3.02,"end":3.897551020408163,"loop":false}}}