{"spritemap":{"1":{"start":0,"end":0.5738775510204082,"loop":false},"2":{"start":1.01,"end":1.7193877551020407,"loop":false},"3":{"start":2.02,"end":2.7857142857142856,"loop":false}}}