{"spritemap":{"1":{"start":0,"end":0.6473469387755102,"loop":false},"2":{"start":1.01,"end":1.4214285714285715,"loop":false},"3":{"start":2.02,"end":2.943265306122449,"loop":false}}}