{"spritemap":{"1":{"start":0,"end":0.5289795918367347,"loop":false},"2":{"start":1.01,"end":1.5953061224489797,"loop":false},"3":{"start":2.02,"end":2.7514285714285713,"loop":false}}}