{"spritemap":{"1":{"start":0,"end":0.6138775510204082,"loop":false},"2":{"start":1.01,"end":1.663061224489796,"loop":false},"3":{"start":2.02,"end":2.5881632653061226,"loop":false}}}