{"spritemap":{"1":{"start":0,"end":0.5853061224489796,"loop":false},"2":{"start":1.01,"end":1.3593877551020408,"loop":false},"3":{"start":2.02,"end":2.6387755102040815,"loop":false}}}