{"spritemap":{"1":{"start":0,"end":0.7314285714285714,"loop":false},"2":{"start":1.01,"end":1.6124489795918366,"loop":false},"3":{"start":2.02,"end":2.971020408163265,"loop":false}}}