{"spritemap":{"1":{"start":0,"end":0.4840816326530612,"loop":false},"2":{"start":1.01,"end":1.9046938775510203,"loop":false},"3":{"start":2.02,"end":2.8248979591836734,"loop":false}}}