{"spritemap":{"1":{"start":0,"end":0.8220408163265306,"loop":false},"2":{"start":1.01,"end":2.023061224489796,"loop":false},"3":{"start":3.02,"end":3.6616326530612247,"loop":false}}}