{"spritemap":{"1":{"start":0,"end":0.9787755102040816,"loop":false},"2":{"start":1.01,"end":1.9887755102040816,"loop":false},"3":{"start":2.02,"end":3.1685714285714286,"loop":false}}}