{"spritemap":{"1":{"start":0,"end":0.8220408163265306,"loop":false},"2":{"start":1.01,"end":2.303877551020408,"loop":false},"3":{"start":3.0199999999999996,"end":4.0102040816326525,"loop":false}}}