{"spritemap":{"1":{"start":0,"end":0.4163265306122449,"loop":false},"2":{"start":1.01,"end":1.5446938775510204,"loop":false},"3":{"start":2.02,"end":2.650204081632653,"loop":false}}}