{"spritemap":{"1":{"start":0,"end":0.6187755102040816,"loop":false},"2":{"start":1.01,"end":2.196938775510204,"loop":false},"3":{"start":3.0199999999999996,"end":4.291836734693877,"loop":false}}}