{"spritemap":{"1":{"start":0,"end":0.6138775510204082,"loop":false},"2":{"start":1.01,"end":2.20265306122449,"loop":false},"3":{"start":3.0200000000000005,"end":3.5775510204081638,"loop":false}}}