{"spritemap":{"1":{"start":0,"end":0.593469387755102,"loop":false},"2":{"start":1.01,"end":1.6075510204081631,"loop":false},"3":{"start":2.02,"end":2.7342857142857144,"loop":false}}}