{"spritemap":{"1":{"start":0,"end":0.5289795918367347,"loop":false},"2":{"start":1.01,"end":1.7642857142857142,"loop":false},"3":{"start":2.02,"end":2.796326530612245,"loop":false}}}