{"spritemap":{"1":{"start":0,"end":0.4897959183673469,"loop":false},"2":{"start":1.01,"end":1.6851020408163264,"loop":false},"3":{"start":2.02,"end":2.864081632653061,"loop":false}}}