{"spritemap":{"1":{"start":0,"end":0.6138775510204082,"loop":false},"2":{"start":1.01,"end":2.2140816326530612,"loop":false},"3":{"start":3.02,"end":3.976734693877551,"loop":false}}}