{"spritemap":{"1":{"start":0,"end":0.6138775510204082,"loop":false},"2":{"start":1.01,"end":1.9667346938775512,"loop":false},"3":{"start":2.02,"end":2.616734693877551,"loop":false}}}