{"spritemap":{"1":{"start":0,"end":0.6751020408163265,"loop":false},"2":{"start":1.01,"end":1.5838775510204082,"loop":false},"3":{"start":2.02,"end":2.8020408163265307,"loop":false}}}