{"spritemap":{"1":{"start":0,"end":0.6081632653061224,"loop":false},"2":{"start":1.01,"end":1.9985714285714287,"loop":false},"3":{"start":2.02,"end":2.650204081632653,"loop":false}}}