{"spritemap":{"1":{"start":0,"end":1.3616326530612244,"loop":false},"2":{"start":2.01,"end":2.9381632653061223,"loop":false},"3":{"start":3.0199999999999996,"end":4.0836734693877546,"loop":false}}}