{"spritemap":{"1":{"start":0,"end":0.7714285714285715,"loop":false},"2":{"start":1.01,"end":2.005918367346939,"loop":false},"3":{"start":2.02,"end":2.869795918367347,"loop":false}}}