{"spritemap":{"1":{"start":0,"end":0.7428571428571429,"loop":false},"2":{"start":1.01,"end":1.5838775510204082,"loop":false},"3":{"start":2.02,"end":3.1563265306122448,"loop":false}}}