{"spritemap":{"1":{"start":0,"end":0.6416326530612245,"loop":false},"2":{"start":1.01,"end":1.6010204081632653,"loop":false},"3":{"start":2.02,"end":3.313877551020408,"loop":false}}}