{"spritemap":{"1":{"start":0,"end":0.8775510204081632,"loop":false},"2":{"start":1.01,"end":2.3487755102040815,"loop":false},"3":{"start":3.0199999999999996,"end":4.286122448979592,"loop":false}}}