{"spritemap":{"1":{"start":0,"end":0.5126530612244898,"loop":false},"2":{"start":1.01,"end":1.8295918367346937,"loop":false},"3":{"start":2.02,"end":2.7122448979591836,"loop":false}}}