{"spritemap":{"1":{"start":0,"end":0.7273469387755102,"loop":false},"2":{"start":1.01,"end":1.5953061224489797,"loop":false},"3":{"start":2.02,"end":2.6746938775510203,"loop":false}}}