{"spritemap":{"1":{"start":0,"end":0.6244897959183674,"loop":false},"2":{"start":1.01,"end":1.4663265306122448,"loop":false},"3":{"start":2.02,"end":2.4648979591836735,"loop":false}}}