{"spritemap":{"1":{"start":0,"end":0.563265306122449,"loop":false},"2":{"start":1.01,"end":1.9275510204081634,"loop":false},"3":{"start":2.02,"end":2.903265306122449,"loop":false}}}