{"spritemap":{"1":{"start":0,"end":0.72,"loop":false},"2":{"start":1.01,"end":1.6908163265306122,"loop":false},"3":{"start":2.02,"end":2.369387755102041,"loop":false}}}