{"spritemap":{"1":{"start":0,"end":1.1028571428571428,"loop":false},"2":{"start":2.01,"end":3.0059183673469385,"loop":false},"3":{"start":3.0199999999999996,"end":4.173469387755102,"loop":false}}}