{"spritemap":{"1":{"start":0,"end":0.5795918367346938,"loop":false},"2":{"start":1.01,"end":1.836938775510204,"loop":false},"3":{"start":2.02,"end":2.8526530612244896,"loop":false}}}