{"spritemap":{"1":{"start":0,"end":0.8775510204081632,"loop":false},"2":{"start":1.01,"end":2.1022448979591837,"loop":false},"3":{"start":3.02,"end":4.149795918367347,"loop":false}}}