{"spritemap":{"1":{"start":0,"end":0.686530612244898,"loop":false},"2":{"start":1.01,"end":1.5169387755102042,"loop":false},"3":{"start":2.02,"end":3.075510204081633,"loop":false}}}