{"spritemap":{"1":{"start":0,"end":0.5518367346938775,"loop":false},"2":{"start":1.01,"end":1.747142857142857,"loop":false},"3":{"start":2.02,"end":2.7179591836734693,"loop":false}}}