{"spritemap":{"1":{"start":0,"end":0.4506122448979592,"loop":false},"2":{"start":1.01,"end":2.928367346938775,"loop":false},"3":{"start":3.0199999999999996,"end":4.105714285714285,"loop":false}}}