{"spritemap":{"1":{"start":0,"end":0.5706122448979591,"loop":false},"2":{"start":1.01,"end":2.8720408163265305,"loop":false},"3":{"start":3.02,"end":3.526938775510204,"loop":false}}}