{"spritemap":{"1":{"start":0,"end":0.5126530612244898,"loop":false},"2":{"start":1.01,"end":1.836938775510204,"loop":false},"3":{"start":2.02,"end":2.894285714285714,"loop":false}}}