{"spritemap":{"1":{"start":0,"end":0.7542857142857143,"loop":false},"2":{"start":1.01,"end":1.752857142857143,"loop":false},"3":{"start":2.02,"end":2.796326530612245,"loop":false}}}