{"spritemap":{"1":{"start":0,"end":0.7583673469387755,"loop":false},"2":{"start":1.01,"end":2.270408163265306,"loop":false},"3":{"start":3.0199999999999996,"end":4.241224489795918,"loop":false}}}