{"spritemap":{"1":{"start":0,"end":0.42775510204081635,"loop":false},"2":{"start":1.01,"end":1.6516326530612244,"loop":false},"3":{"start":2.02,"end":2.6053061224489795,"loop":false}}}