{"spritemap":{"1":{"start":0,"end":0.4563265306122449,"loop":false},"2":{"start":1.01,"end":2.6361224489795916,"loop":false},"3":{"start":3.0199999999999996,"end":4.20204081632653,"loop":false}}}