{"resources":["Hector.m4a"],"spritemap":{"1":{"start":0,"end":0.8889795918367347,"loop":false},"2":{"start":2,"end":3.063673469387755,"loop":false},"3":{"start":5,"end":5.444897959183674,"loop":false}}}