{"resources":["Ike.m4a"],"spritemap":{"1":{"start":0,"end":0.7093877551020408,"loop":false},"2":{"start":2,"end":2.6914285714285713,"loop":false},"3":{"start":4,"end":4.9714285714285715,"loop":false}}}