{"resources":["Lucina.m4a"],"spritemap":{"1":{"start":0,"end":0.7412244897959184,"loop":false},"2":{"start":2,"end":2.7314285714285713,"loop":false},"3":{"start":4,"end":4.725714285714286,"loop":false}}}